area,bedrooms,bathrooms,stories,mainroad,guestroom,basement,hotwaterheating,airconditioning,parking,prefarea,furnishingstatus_furnished,furnishingstatus_semi-furnished,furnishingstatus_unfurnished,total_rooms,room_density,parking_ratio,luxury_score,price
2.8373298114273577,3,2.0,1.0,1,1,1,0,0,2.0,1,1,0,0,5.0,0.3111363636363636,0.4,3,20.02127970973702
3.019872434403009,3,1.0,3.0,1,0,1,0,0,0.0,1,0,0,1,4.0,0.20524737631184406,0.0,2,20.070876650778757
1.7862659560534204,3,1.0,2.0,1,0,0,0,0,0.0,0,0,0,1,4.0,0.8052941176470588,0.0,0,18.834114028323462
2.913120527307879,3,3.0,2.0,1,1,1,0,0,1.0,0,0,0,1,6.0,0.3445469798657718,0.16666666666666666,2,20.300451092029384
2.2171529186363887,3,1.0,1.0,1,0,0,0,0,0.0,0,0,0,1,4.0,0.4889285714285714,0.0,0,19.17586332013101
2.4051733253032235,3,1.0,2.0,1,0,0,0,0,1.0,0,0,1,0,4.0,0.3968115942028985,0.25,0,19.63095366380794
3.121486055435385,4,2.0,3.0,1,0,0,0,1,2.0,1,1,0,0,6.0,0.27675202156334233,0.3333333333333333,2,20.785301228805714
2.9194474098942034,4,3.0,2.0,1,1,1,1,0,2.0,0,0,1,0,7.0,0.39929166666666666,0.2857142857142857,3,20.467702395667278
1.8819210612849504,5,1.0,2.0,0,0,1,0,0,0.0,0,0,1,0,6.0,1.077952755905512,0.0,1,19.665411543630654
3.199522475740307,3,1.0,1.0,1,1,1,0,1,1.0,0,1,0,0,4.0,0.17006211180124226,0.25,3,20.354518313219334
2.8287346319489246,2,1.0,1.0,1,0,0,0,0,0.0,0,1,0,0,3.0,0.18839449541284406,0.0,0,19.506680497945272
2.394569474867866,3,1.0,2.0,0,0,0,0,1,0.0,0,0,1,0,4.0,0.401466275659824,0.0,1,19.83556256435371
3.2607619717502603,5,3.0,2.0,1,0,0,0,0,2.0,0,1,0,0,8.0,0.3191142191142191,0.25,0,20.06006573469541
2.4690152824513656,4,1.0,2.0,1,1,0,0,1,0.0,0,1,0,0,5.0,0.4625,0.0,2,19.980928414296535
2.8919531705485912,4,1.0,4.0,1,1,0,0,0,0.0,0,0,1,0,5.0,0.29362560054907344,0.0,1,19.95711776565344
2.8874049393578067,3,2.0,4.0,1,0,0,0,1,0.0,0,0,0,1,5.0,0.2950431034482759,0.0,1,19.944996405147332
2.8373298114273577,3,1.0,3.0,1,0,0,0,0,1.0,1,0,0,1,4.0,0.24890909090909089,0.25,1,20.026913527443938
3.0098397442811944,4,2.0,1.0,1,0,1,0,0,0.0,1,0,1,0,6.0,0.31113636363636366,0.0,2,19.920303792611403
2.348204909428154,3,1.0,2.0,1,0,0,0,0,2.0,0,0,1,0,4.0,0.42253086419753083,0.5,0,19.299477275551762
2.6700345079074883,3,2.0,2.0,1,1,0,0,1,2.0,0,1,0,0,5.0,0.37201086956521745,0.4,2,20.382464243570045
2.269841531579674,3,1.0,3.0,1,0,0,0,0,0.0,0,0,1,0,4.0,0.460942760942761,0.0,0,19.786772400305757
2.364815437365547,3,3.0,2.0,1,0,1,0,0,0.0,0,0,1,0,6.0,0.6222727272727273,0.0,1,19.9077250104328
2.9194474098942034,4,1.0,2.0,1,0,1,0,0,2.0,0,0,1,0,5.0,0.28520833333333334,0.4,1,20.405811607534588
3.056279549535675,4,1.0,2.0,0,0,0,0,0,1.0,0,1,0,0,5.0,0.24693362193362195,0.2,0,19.52540763693334
2.9194474098942034,4,2.0,4.0,1,0,0,0,1,1.0,0,0,1,0,6.0,0.34225,0.16666666666666666,1,20.265664975997996
2.9194474098942034,3,2.0,2.0,1,1,0,0,1,1.0,0,0,1,0,5.0,0.28520833333333334,0.2,2,20.192237507563583
2.9350916727932392,3,2.0,1.0,1,0,1,0,0,2.0,1,1,0,0,5.0,0.2805327868852459,0.4,2,19.9077250104328
2.9194474098942034,3,2.0,4.0,1,0,0,0,1,1.0,0,1,0,0,5.0,0.28520833333333334,0.2,1,20.215768004934226
3.0927343608065496,3,2.0,1.0,1,0,1,0,1,3.0,0,0,1,0,5.0,0.23767361111111113,0.6,2,20.038086828019768
2.497308127502086,2,1.0,1.0,1,0,1,0,1,2.0,0,1,0,0,3.0,0.269064465408805,0.6666666666666666,2,19.563628849629303
2.1547814063128325,3,1.0,2.0,1,0,1,0,0,0.0,1,0,0,1,4.0,0.5245210727969349,0.0,2,19.43009745746032
2.4813087558559057,3,1.0,2.0,1,0,0,0,0,0.0,0,0,0,1,4.0,0.36506666666666665,0.0,0,19.299477275551762
2.7497308480582734,3,1.0,2.0,1,0,1,0,0,0.0,0,0,1,0,4.0,0.2732534930139721,0.0,1,19.72793190043743
2.5054513974586605,3,1.0,2.0,1,0,0,0,0,0.0,0,0,0,1,4.0,0.35558441558441556,0.0,0,18.757152987716434
2.7619866998999534,3,1.0,1.0,0,0,0,0,0,0.0,0,0,0,1,4.0,0.26970055161544526,0.0,0,19.299477275551762
2.331313804764828,3,1.0,1.0,0,0,0,0,0,0.0,0,0,0,1,4.0,0.43050314465408807,0.0,0,19.121796099121806
2.922595903187396,3,1.0,1.0,1,0,0,0,0,0.0,0,0,1,0,4.0,0.22740863787375412,0.0,0,19.50856907262677
2.3141324815542688,3,1.0,2.0,0,0,1,1,0,0.0,0,0,1,0,4.0,0.4387820512820513,0.0,2,19.506680497945272
3.1569227095998067,2,1.0,1.0,1,0,0,0,0,0.0,0,0,0,1,3.0,0.13334415584415585,0.0,0,19.093625222296833
3.065859149975904,3,1.0,1.0,1,0,0,0,0,3.0,0,1,0,0,4.0,0.19557142857142856,0.75,0,19.632621720903668
2.436326470874723,3,1.0,2.0,1,0,1,0,0,0.0,0,0,1,0,4.0,0.38347338935574227,0.0,1,19.48952087772087
2.2788580476946736,2,1.0,2.0,1,0,0,0,1,0.0,0,1,0,0,3.0,0.34225,0.0,1,19.48952087772087
2.9879960711546496,3,2.0,1.0,1,1,1,1,0,0.0,0,0,0,1,5.0,0.26531007751937985,0.0,3,19.8807830345391
2.080992566122885,3,1.0,1.0,0,0,0,0,0,0.0,0,0,1,0,4.0,0.5704166666666667,0.0,0,18.766905279089794
2.8024967369398825,4,2.0,1.0,1,0,0,0,1,0.0,1,0,0,1,6.0,0.3874528301886792,0.0,2,19.85576527162264
3.1220012372093455,3,1.0,1.0,0,0,0,0,0,0.0,0,0,0,1,4.0,0.1844019396551724,0.0,0,19.450300164704952
3.5925077176317886,4,2.0,2.0,1,0,0,0,0,2.0,1,1,0,0,6.0,0.1698511166253102,0.3333333333333333,1,20.112988136049704
3.1006580709225102,3,2.0,1.0,1,1,1,0,0,3.0,0,1,0,0,5.0,0.2357093663911846,0.6,2,19.563628849629303
2.2788580476946736,3,1.0,2.0,1,0,0,0,0,0.0,0,0,1,0,4.0,0.4563333333333333,0.0,0,19.563628849629303
2.7846143703055044,3,1.0,3.0,1,0,0,0,1,0.0,0,0,1,0,4.0,0.26326923076923076,0.0,1,19.95711776565344
3.2403814084207245,3,1.0,2.0,1,1,1,0,1,2.0,1,0,0,1,4.0,0.16297619047619047,0.5,4,19.85576527162264
2.9989775497891444,3,2.0,4.0,1,0,0,0,0,1.0,0,1,0,0,5.0,0.2622605363984674,0.2,0,19.980928414296535
2.456568796552418,3,1.0,2.0,1,0,0,0,0,0.0,0,0,0,1,4.0,0.37506849315068497,0.0,0,19.450300164704952
2.4528044405167906,2,1.0,1.0,0,0,0,0,0,0.0,0,0,0,1,3.0,0.2824621733149931,0.0,0,19.07633372527576
2.5406064617655635,3,1.0,1.0,1,0,0,0,0,0.0,0,0,1,0,4.0,0.34225,0.0,0,19.17586332013101
2.6700345079074883,2,2.0,1.0,1,0,0,0,1,2.0,0,0,1,0,4.0,0.29760869565217396,0.5,1,19.86240981432554
2.861010566190867,2,1.0,1.0,0,0,0,0,0,0.0,0,0,1,0,3.0,0.18204787234042552,0.0,0,19.499090328704316
2.423463730023601,3,1.0,2.0,1,0,0,0,0,0.0,1,0,1,0,4.0,0.38892045454545454,0.0,1,19.632621720903668
1.850735616942838,2,1.0,1.0,0,0,1,0,0,0.0,0,0,1,0,3.0,0.5592320261437909,0.0,1,19.019517250535575
2.322760042439102,3,1.0,2.0,1,0,1,0,0,0.0,0,1,0,0,4.0,0.4346031746031745,0.0,1,19.470102791931104
2.8676747584584477,3,1.0,2.0,1,1,0,0,1,1.0,0,0,1,0,4.0,0.24102112676056336,0.25,2,19.72793190043743
1.9833914973009108,3,1.0,3.0,1,0,0,0,0,1.0,1,0,0,1,4.0,0.6382284382284382,0.25,1,19.632621720903668
3.2054626755709887,2,1.0,1.0,1,0,0,0,0,1.0,0,0,0,1,3.0,0.12675925925925927,0.3333333333333333,0,19.324736942207416
2.5243544353584597,2,1.0,1.0,0,0,0,0,0,0.0,0,0,0,1,3.0,0.26125954198473283,0.0,0,19.377729472138935
2.9835694897261145,3,2.0,2.0,1,0,0,0,1,1.0,1,0,1,0,5.0,0.2665498442367601,0.2,2,20.378519465284583
2.5701054525027667,3,2.0,2.0,1,0,0,0,0,2.0,0,0,1,0,5.0,0.4143462469733656,0.4,0,19.48952087772087
3.5388079764963107,4,1.0,2.0,1,0,1,0,0,1.0,1,0,1,0,5.0,0.14958479020979018,0.2,2,20.191284672809932
3.3757234802587592,4,2.0,2.0,1,1,1,0,0,1.0,0,0,1,0,6.0,0.2124237095272577,0.16666666666666666,2,19.74296977776159
3.442667814549452,2,1.0,1.0,1,0,0,0,0,1.0,1,0,1,0,3.0,0.09910714285714285,0.3333333333333333,1,19.65731433342145
2.913120527307879,3,1.0,2.0,1,1,1,0,0,0.0,0,0,0,1,4.0,0.2296979865771812,0.0,2,19.48952087772087
2.2422936881163307,3,1.0,2.0,1,0,0,0,0,0.0,1,0,1,0,4.0,0.47534722222222225,0.0,1,19.679823322250744
2.9746571057308056,2,1.0,2.0,1,0,0,0,0,0.0,0,0,0,1,3.0,0.16143867924528302,0.0,0,19.64915102280609
2.413053069272165,3,1.0,2.0,0,0,0,0,0,1.0,0,0,1,0,4.0,0.3933908045977011,0.25,0,19.275946778240446
3.2054626755709887,4,1.0,4.0,1,0,1,0,1,2.0,0,0,1,0,5.0,0.21126543209876544,0.4,2,19.76511090358044
3.0011594481783006,4,2.0,2.0,1,1,1,0,1,2.0,1,1,0,0,6.0,0.31399082568807335,0.3333333333333333,4,20.342298201902334
2.2130071740395745,3,1.0,1.0,1,0,1,0,0,0.0,1,1,0,0,4.0,0.49120918550412634,0.0,2,19.64092052369377
2.992403144283405,3,2.0,4.0,1,0,0,0,1,0.0,0,0,0,1,5.0,0.26408179012345673,0.0,1,20.23875752312117
2.443965441117138,6,1.0,2.0,1,0,0,0,0,1.0,0,0,0,1,7.0,0.6654861111111111,0.14285714285714285,0,19.450300164704952
2.332732345324709,2,1.0,1.0,1,0,1,0,0,2.0,0,1,0,0,3.0,0.32237048665620094,0.6666666666666666,1,19.409478170333507
2.6308320049177047,4,3.0,2.0,1,0,1,0,0,2.0,0,0,1,0,7.0,0.5432539682539682,0.2857142857142857,1,19.800957035261785
3.3067609374003406,3,1.0,2.0,1,0,0,0,0,2.0,0,0,1,0,4.0,0.1521111111111111,0.5,0,19.34493964944395
2.456568796552418,3,2.0,2.0,1,0,0,0,0,0.0,0,0,1,0,5.0,0.4688356164383562,0.0,0,19.9077250104328
3.0874167903648417,3,1.0,1.0,1,0,1,0,0,2.0,1,0,0,1,4.0,0.19120111731843573,0.5,2,19.96909395667454
2.439898586684298,2,1.0,1.0,1,0,0,1,0,0.0,0,0,1,0,3.0,0.28648158482142855,0.0,1,19.50856907262677
2.603095414341904,2,1.0,1.0,1,0,0,0,1,2.0,0,0,1,0,3.0,0.23989485981308412,0.6666666666666666,1,19.48952087772087
3.065859149975904,3,1.0,4.0,1,0,0,0,1,2.0,0,0,1,0,4.0,0.19557142857142856,0.5,1,20.325768899975518
3.3710167645121643,3,1.0,1.0,1,0,1,0,0,2.0,1,1,0,0,4.0,0.1423076923076923,0.5,2,20.003035190031632
3.324373657613309,2,1.0,1.0,1,0,1,0,1,2.0,0,0,1,0,3.0,0.11201723761728126,0.6666666666666666,2,19.757784863507535
1.98940414193057,3,1.0,2.0,0,0,1,0,0,0.0,0,0,1,0,4.0,0.6337962962962963,0.0,1,19.32246679368208
2.9273001339019586,3,1.0,1.0,1,0,1,0,0,0.0,1,0,1,0,4.0,0.2262809917355372,0.0,2,19.854431048612682
3.3067609374003406,4,1.0,4.0,1,1,0,0,1,1.0,1,1,0,0,5.0,0.19013888888888889,0.2,3,20.17784877013613
2.806035154537711,3,1.0,2.0,1,1,1,0,0,0.0,1,0,1,0,4.0,0.25733082706766913,0.0,3,19.71266442834827
3.2851203406629446,3,2.0,2.0,1,0,0,0,1,2.0,0,1,0,0,5.0,0.19446022727272727,0.4,1,20.346388187147884
3.251755183964045,3,2.0,4.0,1,0,0,0,1,2.0,0,1,0,0,5.0,0.2013235294117647,0.4,1,20.390307421020083
2.900345392488258,2,1.0,1.0,1,0,0,0,0,0.0,0,0,0,1,3.0,0.1746173469387755,0.0,0,19.450300164704952
3.6780282427906634,2,1.0,1.0,1,0,1,1,0,1.0,0,1,0,0,3.0,0.07778409090909091,0.3333333333333333,2,20.13339700764372
2.6516563297122784,4,2.0,2.0,1,0,1,0,0,0.0,0,0,1,0,6.0,0.45532150776053215,0.0,1,19.726415599923573
2.557731145328201,3,1.0,1.0,1,1,1,0,0,2.0,0,0,1,0,4.0,0.3359509202453988,0.5,2,19.665411543630654
2.4208712079934043,3,1.0,2.0,1,0,0,0,0,0.0,0,0,1,0,4.0,0.39002849002849005,0.0,0,19.695596519883413
2.234817600028586,3,1.0,3.0,1,0,0,0,0,0.0,1,1,0,0,4.0,0.47934173669467783,0.0,1,19.52726120557653
2.9194474098942034,4,2.0,4.0,1,0,0,0,0,1.0,0,0,1,0,6.0,0.34225,0.16666666666666666,0,20.038086828019768
2.6495933035537904,4,2.0,1.0,0,0,1,0,1,2.0,0,0,1,0,6.0,0.4563333333333333,0.3333333333333333,2,19.849076283487822
3.0098397442811944,3,1.0,1.0,1,1,1,0,0,0.0,1,1,0,0,4.0,0.20742424242424243,0.0,3,19.814943277201593
2.4208712079934043,3,1.0,3.0,1,0,0,0,0,0.0,0,0,1,0,4.0,0.39002849002849005,0.0,0,19.704942382275654
2.6619080982110677,3,2.0,2.0,1,1,1,0,1,1.0,0,1,0,0,5.0,0.37527412280701755,0.2,3,20.354518313219334
2.413053069272165,2,1.0,1.0,1,0,0,0,0,1.0,0,0,1,0,3.0,0.29504310344827583,0.3333333333333333,0,19.17586332013101
2.0802629719272745,3,1.0,1.0,1,0,0,0,0,0.0,1,0,1,0,4.0,0.5708924103419516,0.0,1,19.33500154077795
2.418271947318863,2,1.0,1.0,1,1,0,0,0,0.0,0,0,0,1,3.0,0.2933571428571428,0.0,1,19.093625222296833
3.1317395977981195,3,3.0,1.0,1,0,1,0,1,2.0,1,0,1,0,6.0,0.2738,0.3333333333333333,3,20.5817022737767
3.0521457464117914,3,1.0,1.0,1,1,1,0,0,0.0,1,0,0,1,4.0,0.19840579710144926,0.0,3,19.992624454035298
2.9194474098942034,3,2.0,3.0,1,0,0,0,1,0.0,0,0,1,0,5.0,0.28520833333333334,0.0,1,20.220408384483036
2.9288633058955895,2,1.0,1.0,1,0,1,0,0,1.0,0,0,1,0,3.0,0.16943069306930691,0.3333333333333333,1,19.614118249394693
2.443965441117138,3,1.0,1.0,1,0,1,0,1,0.0,1,1,0,0,4.0,0.3802777777777778,0.0,3,19.608158248799
3.0098397442811944,4,2.0,2.0,1,1,1,0,1,1.0,1,0,0,1,6.0,0.31113636363636366,0.16666666666666666,4,20.405811607534588
2.607412977312147,3,2.0,2.0,1,0,1,0,0,1.0,0,0,0,1,5.0,0.3979651162790697,0.2,1,20.206422142531583
2.7038534352313657,3,1.0,1.0,1,1,1,0,0,0.0,0,0,1,0,4.0,0.2870020964360587,0.0,2,19.786772400305757
2.549776105934098,2,1.0,1.0,1,0,0,0,0,0.0,0,0,0,1,3.0,0.25414603960396037,0.0,0,19.42805455583797
3.1317395977981195,4,2.0,2.0,1,0,1,0,1,3.0,1,1,0,0,6.0,0.2738,0.5,3,20.70020189837119
2.7384573010691313,4,1.0,2.0,1,0,0,0,1,0.0,0,0,1,0,5.0,0.3457070707070707,0.0,1,19.675042436664008
2.8024967369398825,5,2.0,2.0,1,0,0,0,0,0.0,0,0,1,0,7.0,0.4520283018867924,0.0,0,19.545610344184603
2.9194474098942034,3,2.0,2.0,1,1,0,0,0,1.0,0,0,1,0,5.0,0.28520833333333334,0.2,1,20.16324997074035
3.1551803862692767,3,1.0,1.0,1,1,1,1,0,0.0,0,0,1,0,4.0,0.1781160551652355,0.0,3,19.800957035261785
2.3548822660878512,2,1.0,1.0,1,0,0,0,0,0.0,0,0,0,1,3.0,0.31456801470588236,0.0,0,19.06463768557364
3.0098397442811944,3,1.0,1.0,1,1,1,0,0,2.0,1,0,1,0,4.0,0.20742424242424243,0.5,3,20.004185276412507
2.5520554390766055,2,1.0,1.0,1,0,0,0,0,0.0,0,1,0,0,3.0,0.25351851851851853,0.0,0,19.50856907262677
2.4540608010061895,3,2.0,2.0,1,0,1,0,0,0.0,0,0,0,1,5.0,0.47012362637362637,0.0,1,19.632621720903668
2.8373298114273577,4,2.0,2.0,1,0,1,0,1,1.0,1,0,1,0,6.0,0.37336363636363634,0.16666666666666666,3,20.325768899975518
2.5125819761294723,3,1.0,2.0,1,0,1,0,0,2.0,0,0,1,0,4.0,0.3528350515463918,0.5,1,19.72793190043743
3.6556262904613863,3,1.0,1.0,1,0,0,0,0,2.0,0,1,0,0,4.0,0.10612403100775193,0.5,0,19.786772400305757
2.9194474098942034,3,2.0,4.0,1,1,1,0,1,0.0,1,0,1,0,5.0,0.28520833333333334,0.0,4,20.33324091480314
3.8781315290146736,5,3.0,2.0,1,0,0,0,0,0.0,0,0,0,1,8.0,0.16901234567901235,0.0,0,20.515010899357478
3.0927343608065496,3,1.0,2.0,1,1,1,0,0,1.0,1,1,0,0,4.0,0.1901388888888889,0.25,3,19.849076283487822
3.124059314277561,3,2.0,4.0,1,0,0,0,0,1.0,1,0,0,1,5.0,0.23000672043010753,0.2,1,20.20171625150208
2.348204909428154,4,1.0,3.0,1,0,0,0,0,1.0,0,0,1,0,5.0,0.5281635802469136,0.2,0,20.007054718834578
3.3067609374003406,4,2.0,4.0,1,0,0,0,1,2.0,0,1,0,0,6.0,0.22816666666666666,0.3333333333333333,1,20.27447560566629
2.222548472470232,4,2.0,2.0,0,1,1,0,0,1.0,0,1,0,0,6.0,0.7289669861554846,0.16666666666666666,2,19.901375782768536
2.7174531397110626,2,1.0,2.0,1,0,0,0,0,0.0,0,0,0,1,3.0,0.2121384297520661,0.0,0,19.093625222296833
2.9835694897261145,3,1.0,1.0,1,0,1,0,1,0.0,1,1,0,0,4.0,0.21323987538940806,0.0,3,19.980928414296535
1.9833914973009108,3,1.0,3.0,1,0,0,0,0,0.0,1,1,0,0,4.0,0.6382284382284382,0.0,1,19.440249828887527
3.0382416675737067,2,1.0,1.0,1,1,1,0,0,2.0,0,1,0,0,3.0,0.15099264705882354,0.6666666666666666,2,19.992624454035298
2.3397950203496265,3,1.0,2.0,1,0,1,0,0,0.0,0,0,0,1,4.0,0.4264797507788162,0.0,1,19.093625222296833
2.8200649344013056,4,1.0,2.0,1,0,0,0,0,0.0,0,0,1,0,5.0,0.31689814814814815,0.0,0,19.786772400305757
3.3889236818530204,4,2.0,2.0,1,1,0,0,0,2.0,0,0,1,0,6.0,0.2095408163265306,0.3333333333333333,1,19.85576527162264
2.6495933035537904,2,1.0,1.0,1,0,0,0,0,0.0,0,0,1,0,3.0,0.22816666666666666,0.0,0,19.479858966842475
2.6117119790429975,3,1.0,1.0,1,0,0,0,0,0.0,1,0,1,0,4.0,0.31689814814814815,0.0,1,19.74296977776159
2.6900662258486974,4,1.0,2.0,1,1,1,0,1,1.0,0,1,0,0,5.0,0.36409574468085104,0.2,3,19.920303792611403
3.2113677976937005,3,2.0,1.0,1,1,1,0,0,0.0,0,0,1,0,5.0,0.20996932515337424,0.0,2,19.807974607902842
2.5678669379410586,2,1.0,2.0,1,0,0,0,0,0.0,0,0,0,1,3.0,0.24921116504854374,0.0,0,19.409478170333507
2.413053069272165,4,1.0,2.0,0,0,0,0,0,1.0,0,0,1,0,5.0,0.4917385057471264,0.2,0,19.38842476121483
2.563374819656626,2,2.0,1.0,1,1,1,0,0,0.0,0,0,1,0,4.0,0.33390243902439026,0.0,2,19.71112478216691
2.895512324962972,2,1.0,1.0,1,1,1,0,0,2.0,0,0,1,0,3.0,0.17551282051282052,0.6666666666666666,2,19.632621720903668
2.706783267885284,3,1.0,2.0,1,1,1,0,1,1.0,0,1,0,0,4.0,0.2861024033437827,0.25,3,19.4198409573307
2.5406064617655635,3,1.0,2.0,1,0,0,0,1,0.0,0,0,0,1,4.0,0.34225,0.0,1,19.173228272505405
3.018445340793224,4,2.0,2.0,1,1,1,0,0,1.0,1,0,1,0,6.0,0.30833333333333335,0.16666666666666666,3,19.929635120019555
2.4051733253032235,3,1.0,1.0,1,0,1,0,0,2.0,0,0,0,1,4.0,0.3968115942028985,0.5,1,19.4198409573307
3.1569227095998067,3,2.0,1.0,1,0,0,0,0,2.0,0,0,0,1,5.0,0.22224025974025974,0.4,0,20.128333705696328
2.6495933035537904,2,1.0,1.0,1,0,0,0,1,2.0,0,1,0,0,3.0,0.22816666666666666,0.6666666666666666,1,19.64915102280609
2.9194474098942034,2,1.0,1.0,1,0,1,0,1,1.0,0,1,0,0,3.0,0.171125,0.3333333333333333,2,19.74296977776159
2.598759129158113,4,1.0,2.0,1,0,1,0,1,0.0,0,1,0,0,5.0,0.40170187793427237,0.0,2,19.85576527162264
2.874294833113505,2,1.0,2.0,1,0,0,0,1,0.0,1,0,0,1,3.0,0.17950174825174825,0.0,2,19.82186372002906
2.531351956476462,3,1.0,2.0,1,0,0,0,0,0.0,0,1,0,0,4.0,0.3457070707070707,0.0,0,19.58132842667276
2.549776105934098,2,1.0,1.0,1,0,0,0,0,1.0,0,0,0,1,3.0,0.25414603960396037,0.3333333333333333,0,19.39900687050537
2.5406064617655635,2,1.0,1.0,1,0,0,0,0,0.0,0,0,0,1,3.0,0.2566875,0.0,0,19.188935401637334
2.7097045416897143,2,1.0,1.0,1,1,1,0,0,0.0,0,0,1,0,3.0,0.21390625000000002,0.0,2,19.813553422915987
2.5406064617655635,3,2.0,2.0,1,0,1,0,1,1.0,0,0,1,0,5.0,0.42781250000000004,0.2,2,20.08687699209472
3.011998096138902,4,2.0,2.0,1,1,0,1,0,1.0,0,0,1,0,6.0,0.3104308390022676,0.16666666666666666,2,20.004185276412507
2.8373298114273577,3,1.0,2.0,1,0,0,0,1,0.0,0,0,0,1,4.0,0.24890909090909089,0.0,1,19.632621720903668
2.7478607273580145,3,1.0,4.0,1,0,0,0,0,0.0,0,1,0,0,4.0,0.2738,0.0,0,19.920303792611403
2.7097045416897143,3,2.0,4.0,1,1,0,0,1,0.0,0,1,0,0,5.0,0.35651041666666666,0.0,2,20.054616129938452
2.8200649344013056,5,1.0,2.0,1,1,1,0,1,0.0,1,1,0,0,6.0,0.38027777777777777,0.0,4,19.914034179611846
2.6495933035537904,2,1.0,2.0,1,0,0,1,0,1.0,0,0,1,0,3.0,0.22816666666666666,0.3333333333333333,1,19.32246679368208
2.418271947318863,2,1.0,1.0,0,0,1,0,0,0.0,0,0,1,0,3.0,0.2933571428571428,0.0,1,19.34493964944395
3.2230744489910474,3,1.0,1.0,1,0,0,0,0,0.0,0,1,0,0,4.0,0.16593939393939394,0.0,0,19.69716024185523
2.391900849626787,3,1.0,2.0,1,0,1,0,0,2.0,1,0,1,0,4.0,0.4026470588235294,0.5,2,19.650789024805537
2.2966507922718686,3,1.0,1.0,1,0,0,0,0,0.0,0,0,0,1,4.0,0.4473856209150327,0.0,0,19.440249828887527
2.547948891356171,2,1.0,1.0,1,0,1,0,0,0.0,0,1,0,0,3.0,0.2546502976190476,0.0,1,19.660561089510907
2.973163955279812,3,1.0,3.0,1,1,0,0,1,0.0,0,1,0,0,4.0,0.21559055118110235,0.0,2,20.02127970973702
2.40780681158392,3,2.0,1.0,1,0,1,0,1,1.0,0,1,0,0,5.0,0.49458092485549127,0.2,2,19.590062106614273
2.549776105934098,3,1.0,2.0,1,0,1,1,0,1.0,0,1,0,0,4.0,0.3388613861386138,0.25,2,20.092154049185616
2.713586345778025,3,1.0,2.0,1,0,0,0,0,0.0,0,0,1,0,4.0,0.28402489626556016,0.0,0,19.52726120557653
2.1079750466639005,3,1.0,2.0,1,0,0,0,0,0.0,0,1,0,0,4.0,0.5531313131313131,0.0,0,19.06463768557364
3.0685794073573853,3,1.0,1.0,1,0,1,0,1,2.0,1,0,1,0,4.0,0.195014245014245,0.5,3,19.980928414296535
2.615992578441405,3,1.0,1.0,1,0,0,0,0,0.0,0,0,1,0,4.0,0.3154377880184332,0.0,0,19.598720169330615
2.4886129456125197,2,1.0,2.0,1,1,1,0,0,0.0,0,0,1,0,3.0,0.27162698412698405,0.0,2,19.55466017967527
3.658943480679233,3,1.0,1.0,1,0,0,0,0,0.0,0,0,0,1,4.0,0.10576328800988874,0.0,0,19.450300164704952
2.7846143703055044,4,1.0,3.0,1,0,0,0,0,0.0,0,0,0,1,5.0,0.3290865384615384,0.0,0,19.245732999774372
2.1547814063128325,4,3.0,2.0,0,0,0,0,0,0.0,0,0,1,0,7.0,0.9179118773946361,0.0,0,19.632621720903668
2.443965441117138,3,1.0,2.0,0,0,0,0,0,1.0,0,0,0,1,4.0,0.3802777777777778,0.25,0,19.275946778240446
2.36206610578289,2,1.0,1.0,1,0,0,1,0,1.0,0,1,0,0,3.0,0.3120820668693009,0.3333333333333333,1,19.563628849629303
1.9833914973009108,3,1.0,2.0,1,0,1,0,0,0.0,1,1,0,0,4.0,0.6382284382284382,0.0,2,19.38842476121483
2.917079517395108,3,1.0,1.0,1,0,1,0,0,0.0,0,0,1,0,4.0,0.22873851294903927,0.0,1,19.61581460263773
3.129441700000845,3,2.0,3.0,1,0,0,1,0,1.0,1,1,0,0,5.0,0.2287155840684309,0.2,2,20.282339342114234
2.9746571057308056,3,1.0,1.0,1,1,1,0,1,2.0,1,1,0,0,4.0,0.21525157232704403,0.5,4,19.944996405147332
2.423463730023601,2,1.0,2.0,1,0,0,0,0,0.0,1,1,0,0,3.0,0.2916903409090909,0.0,1,19.704942382275654
2.451546499599918,3,2.0,2.0,1,0,0,1,0,2.0,0,0,1,0,5.0,0.4714187327823692,0.4,1,19.590062106614273
2.9194474098942034,3,2.0,4.0,1,1,0,0,1,1.0,0,1,0,0,5.0,0.28520833333333334,0.2,2,20.173006145668715
3.2371734315625225,3,1.0,3.0,1,0,0,0,1,2.0,0,0,0,1,4.0,0.16352126134734832,0.5,1,20.004185276412507
2.8874049393578067,3,1.0,1.0,1,0,0,1,0,2.0,0,0,1,0,4.0,0.2360344827586207,0.5,1,19.632621720903668
2.264695852424017,3,1.0,2.0,1,0,1,0,1,0.0,0,0,0,1,4.0,0.4635963427023366,0.0,2,19.632621720903668
2.4813087558559057,2,1.0,1.0,1,1,1,0,0,0.0,0,0,1,0,3.0,0.2738,0.0,2,19.689317064416173
2.5054513974586605,3,1.0,1.0,1,0,0,0,0,0.0,0,0,0,1,4.0,0.35558441558441556,0.0,0,19.43009745746032
2.7729995217069545,3,1.0,2.0,1,1,1,0,1,0.0,1,0,0,1,4.0,0.2665498442367601,0.0,4,19.920303792611403
2.7251421583222077,3,1.0,1.0,1,0,0,0,0,2.0,1,0,0,1,4.0,0.2805327868852459,0.5,1,19.679823322250744
2.4915197483617475,4,1.0,2.0,1,0,0,0,0,0.0,0,0,1,0,5.0,0.4512790084388187,0.0,0,19.38842476121483
2.9194474098942034,3,1.0,4.0,1,1,0,0,1,2.0,0,0,0,1,4.0,0.22816666666666666,0.5,2,20.272280215106296
2.1238218436353633,5,2.0,1.0,0,0,1,0,1,1.0,0,1,0,0,7.0,0.9506944444444444,0.14285714285714285,2,19.52540763693334
2.9112146303640722,3,1.0,2.0,1,0,0,0,1,0.0,0,0,1,0,4.0,0.23016139878950906,0.0,1,19.793889868056528
1.9833914973009108,3,1.0,3.0,1,0,0,0,0,0.0,1,1,0,0,4.0,0.6382284382284382,0.0,1,19.43009745746032
3.4556643538621787,2,1.0,1.0,1,0,0,0,0,1.0,0,0,1,0,3.0,0.09778571428571428,0.3333333333333333,0,19.920303792611403
2.5373771180906273,2,2.0,1.0,0,1,1,0,0,1.0,0,0,0,1,4.0,0.343452082288008,0.25,2,19.34493964944395
2.8373298114273577,3,2.0,2.0,1,0,0,0,0,1.0,0,0,1,0,5.0,0.3111363636363636,0.2,0,19.920303792611403
3.2230744489910474,3,1.0,1.0,1,0,0,0,0,2.0,0,1,0,0,4.0,0.16593939393939394,0.5,0,19.52540763693334
2.8200649344013056,3,1.0,1.0,1,0,0,0,0,3.0,0,0,1,0,4.0,0.25351851851851853,0.75,0,19.590062106614273
3.1085194891162486,4,1.0,2.0,1,0,0,0,0,0.0,0,1,0,0,5.0,0.23377732240437163,0.0,0,19.980928414296535
2.1848111880483514,2,1.0,1.0,0,0,0,0,0,0.0,0,1,0,0,3.0,0.38027777777777777,0.0,0,19.275946778240446
3.3067609374003406,3,1.0,1.0,1,0,1,0,0,1.0,1,1,0,0,4.0,0.1521111111111111,0.25,2,20.038086828019768
2.7097045416897143,5,2.0,3.0,0,0,1,1,0,0.0,0,0,0,1,7.0,0.49911458333333336,0.0,2,19.920303792611403
2.5406064617655635,3,1.0,2.0,1,0,0,0,0,1.0,0,1,0,0,4.0,0.34225,0.25,0,19.720327301072864
2.451546499599918,4,1.0,2.0,1,0,0,0,0,3.0,0,0,1,0,5.0,0.4714187327823692,0.6,0,19.299477275551762
2.980607511922836,3,1.0,1.0,1,1,1,0,1,1.0,1,0,1,0,4.0,0.21390625000000002,0.25,4,20.038086828019768
1.7614784681092992,3,1.0,2.0,0,0,1,0,0,0.0,0,0,0,1,4.0,0.8296969696969697,0.0,1,19.34493964944395
2.6308320049177047,2,1.0,1.0,0,0,0,0,0,1.0,0,0,0,1,3.0,0.23282312925170068,0.3333333333333333,0,19.632621720903668
3.1124271433120083,2,1.0,1.0,1,0,0,0,0,1.0,0,0,1,0,3.0,0.13969387755102042,0.3333333333333333,0,19.450300164704952
2.9587151205513194,4,2.0,1.0,1,0,1,0,0,1.0,1,0,1,0,6.0,0.32834985609210104,0.16666666666666666,2,19.980928414296535
3.1911464657786746,3,1.0,1.0,1,0,0,0,0,1.0,1,0,1,0,4.0,0.17155388471177943,0.25,1,19.83556256435371
2.5678669379410586,2,1.0,1.0,1,0,1,0,0,1.0,0,0,1,0,3.0,0.24921116504854374,0.3333333333333333,1,19.786772400305757
2.423463730023601,3,1.0,1.0,1,0,0,0,0,0.0,1,0,1,0,4.0,0.38892045454545454,0.0,1,19.71266442834827
1.9957780306542323,2,1.0,2.0,1,1,0,0,0,0.0,1,0,1,0,3.0,0.4718520220588235,0.0,2,19.545610344184603
3.2030908282732806,3,1.0,1.0,1,0,0,0,1,2.0,0,0,1,0,4.0,0.16943069306930691,0.5,1,19.563628849629303
2.4213902503718905,2,1.0,1.0,1,0,0,0,0,1.0,1,0,0,1,3.0,0.29235478359908884,0.3333333333333333,1,19.450300164704952
2.5406064617655635,2,1.0,1.0,1,0,0,0,0,0.0,0,0,0,1,3.0,0.2566875,0.0,0,19.43009745746032
2.4051733253032235,3,1.0,2.0,1,0,1,0,0,0.0,0,0,1,0,4.0,0.3968115942028985,0.0,1,19.34493964944395
2.6117119790429975,3,1.0,2.0,1,0,0,0,0,2.0,1,1,0,0,4.0,0.31689814814814815,0.5,1,19.598720169330615
3.841186632543046,3,1.0,1.0,1,0,0,0,1,2.0,0,0,1,0,4.0,0.08775641025641023,0.5,1,19.979751251125993
3.0863498746499918,3,1.0,2.0,1,0,0,0,1,0.0,0,1,0,0,4.0,0.19141498881431768,0.0,1,19.545610344184603
2.968821168326447,3,1.0,2.0,1,0,1,0,1,1.0,0,1,0,0,4.0,0.21657965511786115,0.25,2,19.757784863507535
2.2788580476946736,3,1.0,2.0,0,0,0,0,0,0.0,0,0,1,0,4.0,0.4563333333333333,0.0,0,19.107809857216928
3.065859149975904,3,1.0,2.0,1,0,1,0,0,0.0,0,0,0,1,4.0,0.19557142857142856,0.0,1,19.76511090358044
3.540504006074567,3,1.0,3.0,1,0,0,0,0,2.0,1,0,1,0,4.0,0.11945898778359511,0.5,1,19.96790277130692
2.7403450735868975,2,1.0,1.0,1,0,0,0,0,0.0,0,0,0,1,3.0,0.20700604838709677,0.0,0,19.275946778240446
2.40780681158392,4,1.0,2.0,1,0,0,0,1,0.0,0,0,1,0,5.0,0.49458092485549127,0.0,1,19.585704801258878
2.2788580476946736,2,1.0,1.0,0,0,0,0,0,0.0,0,0,0,1,3.0,0.34225,0.0,0,18.956003845173544
2.451546499599918,2,1.0,1.0,1,0,0,0,0,0.0,0,0,0,1,3.0,0.2828512396694215,0.0,0,19.251849226765085
2.8200649344013056,4,1.0,2.0,1,0,0,0,0,0.0,0,0,0,1,5.0,0.31689814814814815,0.0,0,19.251849226765085
2.7289646102982967,3,1.0,2.0,0,0,0,0,0,0.0,0,0,0,1,4.0,0.27938775510204084,0.0,0,19.448298162041436
2.8373298114273577,4,1.0,2.0,1,1,1,0,0,0.0,0,0,1,0,5.0,0.3111363636363636,0.0,2,19.563628849629303
2.5406064617655635,4,2.0,2.0,0,0,0,0,0,0.0,0,0,1,0,6.0,0.513375,0.0,0,19.632621720903668
2.4540608010061895,2,1.0,1.0,1,0,0,0,0,0.0,0,1,0,0,3.0,0.2820741758241758,0.0,0,19.4198409573307
2.6495933035537904,2,1.0,1.0,0,0,0,0,0,0.0,0,1,0,0,3.0,0.22816666666666666,0.0,0,19.470102791931104
2.6495933035537904,2,1.0,1.0,0,0,0,0,0,0.0,0,0,1,0,3.0,0.22816666666666666,0.0,0,19.377729472138935
2.607412977312147,6,2.0,2.0,1,0,0,0,0,0.0,0,1,0,0,8.0,0.6367441860465116,0.0,0,20.003035190031632
2.331313804764828,3,2.0,2.0,1,0,0,0,0,2.0,0,0,1,0,5.0,0.5381289308176102,0.4,0,19.849076283487822
2.322760042439102,2,2.0,1.0,0,0,1,0,0,0.0,0,0,1,0,4.0,0.4346031746031745,0.0,1,19.536477860651114
2.6495933035537904,4,2.0,2.0,1,0,1,0,0,2.0,0,1,0,0,6.0,0.4563333333333333,0.3333333333333333,1,19.470102791931104
2.423463730023601,2,2.0,1.0,1,0,1,0,0,0.0,0,0,1,0,4.0,0.38892045454545454,0.0,1,19.48952087772087
2.549776105934098,2,1.0,2.0,1,0,0,0,0,1.0,0,0,1,0,3.0,0.25414603960396037,0.3333333333333333,0,19.607303912995693
2.628725521438274,4,1.0,2.0,1,0,0,0,1,2.0,1,0,1,0,5.0,0.38892045454545454,0.4,2,19.914034179611846
2.5622486299998974,2,1.0,1.0,1,0,0,0,0,2.0,0,0,1,0,3.0,0.25073260073260073,0.6666666666666666,0,19.34493964944395
2.576791086631504,3,1.0,1.0,1,1,1,0,1,0.0,0,0,0,1,4.0,0.32908653846153846,0.0,3,19.72793190043743
2.443965441117138,2,1.0,1.0,1,0,0,0,0,0.0,0,0,0,1,3.0,0.28520833333333334,0.0,0,19.149195073175857
2.8922772540029165,2,1.0,1.0,1,0,0,0,0,2.0,0,0,0,1,3.0,0.176114922813036,0.6666666666666666,0,19.52726120557653
3.0255605296567376,3,2.0,2.0,1,1,1,0,0,1.0,1,1,0,0,5.0,0.25502980625931443,0.2,3,19.882082579878173
2.746362108616435,3,2.0,2.0,1,0,0,0,0,2.0,0,0,0,1,5.0,0.3427984775641026,0.4,0,19.598720169330615
2.8200649344013056,4,2.0,2.0,1,0,0,0,1,2.0,0,0,0,1,6.0,0.38027777777777777,0.3333333333333333,1,19.944996405147332
2.2171529186363887,3,2.0,2.0,0,0,1,0,1,1.0,0,0,1,0,5.0,0.6111607142857143,0.2,2,19.798136158927246
2.549776105934098,3,1.0,2.0,1,0,0,0,0,1.0,0,0,1,0,4.0,0.3388613861386138,0.25,0,19.69716024185523
2.4800861870869637,3,1.0,2.0,1,0,1,0,0,0.0,0,1,0,0,4.0,0.36555407209612817,0.0,1,19.73547910605247
3.19354677897169,3,1.0,1.0,1,1,1,0,1,2.0,1,0,1,0,4.0,0.171125,0.5,4,19.992624454035298
3.0011594481783006,3,1.0,1.0,1,1,1,0,0,2.0,1,1,0,0,4.0,0.20932721712538224,0.5,3,19.980928414296535
2.4540608010061895,2,1.0,1.0,1,0,0,0,0,1.0,0,0,1,0,3.0,0.2820741758241758,0.3333333333333333,0,19.450300164704952
3.4313918840400772,2,1.0,1.0,1,0,0,0,1,2.0,1,0,0,1,3.0,0.1002685546875,0.6666666666666666,2,19.757784863507535
2.2788580476946736,3,1.0,1.0,0,0,0,0,1,0.0,0,0,0,1,4.0,0.4563333333333333,0.0,1,19.333766348890414
2.5406064617655635,2,1.0,1.0,1,0,0,0,0,0.0,1,0,1,0,3.0,0.2566875,0.0,1,19.479858966842475
2.3784498431378616,3,1.0,2.0,1,0,0,0,0,0.0,0,0,0,1,4.0,0.40865671641791046,0.0,0,19.54196735291795
2.995330439725135,3,2.0,3.0,1,0,0,0,1,0.0,0,0,0,1,5.0,0.2632692307692308,0.0,1,19.96909395667454
2.3811545577490545,2,1.0,1.0,1,0,0,0,0,1.0,0,0,0,1,3.0,0.30558035714285714,0.3333333333333333,0,18.939474543319914
3.0170162076763547,3,1.0,2.0,1,1,0,0,0,0.0,0,0,1,0,4.0,0.2058646616541353,0.0,1,19.64092052369377
2.1682394275849215,3,1.0,2.0,1,0,1,0,0,1.0,0,0,0,1,4.0,0.5166037735849056,0.25,1,19.2271566142836
2.2282298575936217,2,1.0,1.0,1,0,0,0,0,0.0,0,0,1,0,3.0,0.3621693121693122,0.0,0,19.299477275551762
2.9835694897261145,3,1.0,3.0,1,0,1,0,0,0.0,1,0,0,1,4.0,0.21323987538940806,0.0,2,20.00991595110976
2.6999335909256916,2,1.0,1.0,1,0,0,0,0,0.0,0,0,0,1,3.0,0.2161578947368421,0.0,0,19.409478170333507
2.443965441117138,2,1.0,1.0,1,0,0,0,0,0.0,0,1,0,0,3.0,0.28520833333333334,0.0,0,19.499090328704316
2.7097045416897143,3,1.0,3.0,1,0,0,0,1,0.0,0,0,0,1,4.0,0.28520833333333334,0.0,1,19.95711776565344
2.331313804764828,2,1.0,1.0,1,0,0,0,0,0.0,0,0,0,1,3.0,0.32287735849056604,0.0,0,19.03478472258311
2.9194474098942034,4,2.0,4.0,1,0,0,0,1,1.0,0,1,0,0,6.0,0.34225,0.16666666666666666,1,20.220408384483036
3.0011594481783006,4,2.0,2.0,0,0,0,0,1,0.0,0,0,1,0,6.0,0.31399082568807335,0.0,1,19.85576527162264
3.293832857317614,3,2.0,2.0,1,0,1,0,1,1.0,0,1,0,0,5.0,0.19270833333333331,0.2,2,20.13339700764372
2.6202549323823554,4,1.0,2.0,1,0,0,0,0,0.0,0,1,0,0,5.0,0.3924885321100918,0.0,0,19.64915102280609
3.2230744489910474,3,2.0,3.0,1,0,0,0,1,0.0,0,1,0,0,5.0,0.20742424242424243,0.0,1,20.070876650778757
2.4540608010061895,3,1.0,2.0,1,0,0,0,1,0.0,0,1,0,0,4.0,0.3760989010989011,0.0,1,19.71266442834827
3.536258526433701,2,1.0,2.0,1,0,0,0,0,0.0,1,1,0,0,3.0,0.08998685363716039,0.0,1,19.82873659929995
2.900345392488258,3,1.0,1.0,1,0,0,0,0,1.0,0,0,0,1,4.0,0.23282312925170065,0.25,0,19.38842476121483
2.322760042439102,3,2.0,1.0,1,1,1,0,1,0.0,0,1,0,0,5.0,0.5432539682539681,0.0,3,19.894985984684347
3.0026114067621794,4,2.0,2.0,1,0,0,0,1,1.0,1,0,1,0,6.0,0.3135114503816794,0.16666666666666666,2,20.428626285269775
3.065859149975904,3,2.0,4.0,1,0,0,0,1,2.0,0,1,0,0,5.0,0.2444642857142857,0.4,1,20.287045396585093
3.1875351584743505,5,2.0,2.0,1,0,1,1,0,0.0,0,0,0,1,7.0,0.30135220125786166,0.0,2,20.325768899975518
2.8373298114273577,3,2.0,1.0,1,0,1,0,0,0.0,0,0,1,0,5.0,0.3111363636363636,0.0,1,19.85576527162264
3.4556643538621787,4,2.0,2.0,1,0,0,0,0,1.0,0,0,1,0,6.0,0.19557142857142856,0.16666666666666666,0,19.920303792611403
2.2992926078539897,2,1.0,1.0,1,0,0,0,0,1.0,0,0,0,1,3.0,0.3345552297165201,0.3333333333333333,0,19.34493964944395
2.5054513974586605,3,1.0,1.0,1,0,0,0,0,2.0,0,0,0,1,4.0,0.35558441558441556,0.5,0,19.46025049552276
2.3972309974982697,4,2.0,2.0,1,0,0,0,0,0.0,0,0,1,0,6.0,0.6004385964912281,0.0,0,19.75925437148304
2.563374819656626,3,2.0,3.0,1,0,0,0,1,2.0,0,0,1,0,5.0,0.4173780487804878,0.4,1,20.038086828019768
2.9694212958715585,3,1.0,4.0,1,0,0,0,1,1.0,0,0,0,1,4.0,0.21644268774703557,0.25,1,20.20171625150208
2.5030631940428316,3,1.0,2.0,1,0,0,0,0,1.0,1,0,1,0,4.0,0.35651041666666666,0.25,1,19.720327301072864
2.4813087558559057,3,1.0,1.0,1,0,0,0,0,0.0,0,0,0,1,4.0,0.36506666666666665,0.0,0,19.409478170333507
2.443965441117138,2,1.0,1.0,1,0,0,0,0,0.0,0,0,1,0,3.0,0.28520833333333334,0.0,0,19.52726120557653
2.9288633058955895,3,1.0,1.0,1,1,1,0,0,0.0,0,1,0,0,4.0,0.2259075907590759,0.0,2,19.38842476121483
3.0773694839009633,3,1.0,1.0,1,1,1,0,0,2.0,1,0,1,0,4.0,0.19322512350035284,0.5,3,19.851757250234662
2.3141324815542688,3,1.0,2.0,0,0,0,0,0,0.0,0,1,0,0,4.0,0.4387820512820513,0.0,0,19.36691855607646
2.9746571057308056,3,2.0,4.0,1,0,0,0,1,0.0,1,1,0,0,5.0,0.2690644654088051,0.0,2,20.25677602859486
2.5406064617655635,3,1.0,2.0,1,0,0,0,0,1.0,0,0,0,1,4.0,0.34225,0.25,0,19.20183880641378
2.622379315782608,3,1.0,2.0,1,0,0,0,0,0.0,0,0,0,1,4.0,0.3132723112128146,0.0,0,19.36691855607646
2.8874049393578067,2,1.0,1.0,1,1,1,0,1,0.0,0,0,1,0,3.0,0.17702586206896553,0.0,3,19.786772400305757
2.5383008523517967,3,1.0,2.0,1,0,0,0,0,0.0,0,0,1,0,4.0,0.34310776942355886,0.0,0,19.450300164704952
1.995380850627166,3,1.0,2.0,0,1,1,0,1,0.0,0,0,0,1,4.0,0.6294252873563219,0.0,3,19.64915102280609
2.413053069272165,2,1.0,1.0,1,0,0,0,0,0.0,1,0,1,0,3.0,0.29504310344827583,0.0,1,19.51795881294512
2.903554509125756,2,1.0,1.0,1,0,0,0,0,1.0,0,1,0,0,3.0,0.17402542372881358,0.3333333333333333,0,19.450300164704952
2.6516563297122784,4,1.0,2.0,1,0,0,0,1,2.0,0,0,1,0,5.0,0.3794345898004434,0.4,1,19.69716024185523
2.6700345079074883,2,1.0,1.0,1,0,0,0,0,0.0,0,1,0,0,3.0,0.22320652173913047,0.0,0,19.299477275551762
3.121486055435385,4,1.0,2.0,1,1,1,0,1,2.0,0,1,0,0,5.0,0.2306266846361186,0.4,3,20.63202735760767
2.5406064617655635,3,1.0,2.0,1,0,0,0,0,2.0,0,1,0,0,4.0,0.34225,0.5,0,19.69716024185523
2.443965441117138,2,2.0,2.0,1,0,1,0,0,1.0,0,1,0,0,4.0,0.3802777777777778,0.25,1,19.149195073175857
3.0098397442811944,3,2.0,1.0,1,0,1,0,1,0.0,1,0,0,1,5.0,0.259280303030303,0.0,3,20.026913527443938
2.779186703084211,3,1.0,4.0,1,0,0,0,1,0.0,0,0,1,0,4.0,0.26479690522243715,0.0,1,19.74296977776159
2.628725521438274,2,1.0,1.0,1,0,0,0,0,0.0,0,0,0,1,3.0,0.23335227272727274,0.0,0,19.149195073175857
2.7469243538638755,4,2.0,1.0,1,0,1,0,0,0.0,0,0,1,0,6.0,0.41111111111111104,0.0,1,19.785342807499813
2.4590705177896455,4,1.0,2.0,0,0,0,0,0,0.0,0,0,0,1,5.0,0.46755464480874315,0.0,0,19.275946778240446
3.4341285738836196,3,1.0,1.0,1,0,0,0,0,1.0,1,0,1,0,4.0,0.1333138572402376,0.25,1,19.85576527162264
3.0098397442811944,3,2.0,3.0,1,0,0,0,1,0.0,1,0,0,1,5.0,0.259280303030303,0.0,2,20.036975099169286
2.2001421578157414,4,2.0,2.0,0,0,0,0,0,0.0,0,0,1,0,6.0,0.7475427739352021,0.0,0,19.632621720903668
2.576791086631504,3,1.0,3.0,1,0,0,0,0,0.0,0,0,0,1,4.0,0.32908653846153846,0.0,0,19.77238366289063
3.293832857317614,2,1.0,1.0,1,0,0,0,1,1.0,0,0,1,0,3.0,0.11562499999999999,0.3333333333333333,1,20.15339767431467
2.806035154537711,2,1.0,1.0,1,0,0,0,0,1.0,1,0,0,1,3.0,0.19299812030075186,0.3333333333333333,1,19.440249828887527
3.0098397442811944,3,1.0,4.0,1,0,0,0,1,3.0,1,1,0,0,4.0,0.20742424242424243,0.75,2,20.211105991836174
2.7251421583222077,4,1.0,2.0,1,0,0,0,1,1.0,1,1,0,0,5.0,0.3506659836065574,0.2,2,20.313190117787496
2.7327725067553934,3,1.0,2.0,1,0,0,0,0,1.0,0,0,1,0,4.0,0.2782520325203252,0.25,0,19.679823322250744
2.992403144283405,3,1.0,2.0,0,0,0,0,1,1.0,0,0,1,0,4.0,0.2112654320987654,0.25,1,19.58132842667276
2.6537151085546564,3,1.0,2.0,1,0,1,0,1,0.0,0,0,1,0,4.0,0.3028761061946903,0.0,2,19.786772400305757
2.2515608793131103,2,1.0,1.0,0,0,0,0,0,0.0,0,0,0,1,3.0,0.3528350515463917,0.0,0,19.154585921784786
3.293290543250254,3,1.0,1.0,1,0,0,0,0,1.0,0,0,1,0,4.0,0.15425352112676052,0.25,0,20.325768899975518
2.364815437365547,3,1.0,2.0,0,0,0,0,0,1.0,0,0,1,0,4.0,0.41484848484848486,0.25,0,19.239579134227043
2.8200649344013056,2,1.0,2.0,1,0,0,0,0,0.0,1,0,1,0,3.0,0.19013888888888889,0.0,1,19.74296977776159
2.3261903323746087,3,1.0,2.0,1,0,0,0,1,1.0,0,1,0,0,4.0,0.43295382669196714,0.25,1,19.695596519883413
2.034337963030906,3,1.0,3.0,1,0,0,1,1,0.0,1,0,1,0,4.0,0.6017582417582418,0.0,3,19.48952087772087
2.75532031717288,3,1.0,2.0,1,0,1,0,1,0.0,0,0,0,1,4.0,0.2716269841269841,0.0,2,19.632621720903668
2.418271947318863,4,1.0,2.0,1,0,0,0,1,2.0,0,0,0,1,5.0,0.4889285714285714,0.4,1,19.409478170333507
3.0098397442811944,4,2.0,2.0,1,1,1,0,0,0.0,1,0,1,0,6.0,0.31113636363636366,0.0,3,19.894985984684347
2.289571638749637,3,1.0,2.0,1,0,1,0,0,0.0,0,0,1,0,4.0,0.45092226613965747,0.0,1,19.450300164704952
2.322760042439102,3,1.0,2.0,0,0,0,0,0,0.0,0,0,0,1,4.0,0.4346031746031745,0.0,0,19.275946778240446
2.7478607273580145,3,1.0,3.0,1,0,0,0,1,0.0,0,0,1,0,4.0,0.2738,0.0,1,19.944996405147332
2.9565904469895923,4,1.0,2.0,1,0,0,0,1,1.0,0,1,0,0,5.0,0.27423878205128205,0.2,1,20.15339767431467
2.9194474098942034,3,2.0,4.0,1,0,0,0,1,0.0,0,0,0,1,5.0,0.28520833333333334,0.0,1,19.951075451210514
2.8373298114273577,3,1.0,3.0,1,1,0,0,1,1.0,0,1,0,0,4.0,0.24890909090909089,0.25,2,19.96790277130692
2.53367362447618,1,1.0,1.0,0,0,0,0,0,0.0,0,0,0,1,2.0,0.17241813602015113,0.0,0,19.019517250535575
3.2054626755709887,4,1.0,2.0,1,1,1,0,1,2.0,1,1,0,0,5.0,0.21126543209876544,0.4,4,20.48703704735001
2.563374819656626,4,1.0,1.0,0,0,1,0,0,0.0,0,0,0,1,5.0,0.4173780487804878,0.0,1,19.58132842667276
2.5054513974586605,2,1.0,1.0,1,0,0,0,0,0.0,0,0,1,0,3.0,0.2666883116883117,0.0,0,19.545610344184603
3.516059726306519,3,1.0,1.0,1,0,1,0,1,1.0,1,1,0,0,4.0,0.1225055928411633,0.25,3,20.143447343479185
2.558636276351132,3,1.0,3.0,1,0,0,0,0,0.0,0,0,1,0,4.0,0.3356214758519245,0.0,0,19.632621720903668
3.1692803694094676,3,2.0,2.0,1,0,0,0,0,0.0,1,0,1,0,5.0,0.21939102564102558,0.0,1,20.421079079644564
3.0521457464117914,3,1.0,1.0,1,1,1,0,0,0.0,1,0,1,0,4.0,0.19840579710144926,0.0,3,19.906458385820468
3.0026114067621794,3,1.0,2.0,1,0,1,0,1,0.0,1,1,0,0,4.0,0.20900763358778626,0.0,3,20.261230378937153
2.423463730023601,3,1.0,1.0,1,0,0,0,0,2.0,1,0,0,1,4.0,0.38892045454545454,0.5,1,19.487595949317903
2.9350916727932392,3,1.0,1.0,1,0,1,0,1,0.0,1,0,1,0,4.0,0.2244262295081967,0.0,3,19.82873659929995
2.2788580476946736,4,1.0,2.0,1,0,0,0,0,0.0,0,0,0,1,5.0,0.5704166666666667,0.0,0,18.939474543319914
2.9257345145755447,3,1.0,1.0,1,0,0,0,0,0.0,1,0,1,0,4.0,0.22665562913907286,0.0,1,19.77238366289063
2.332732345324709,2,1.0,1.0,1,0,0,0,0,2.0,0,0,0,1,3.0,0.32237048665620094,0.6666666666666666,0,19.43009745746032
2.9746571057308056,2,1.0,1.0,1,0,0,0,0,0.0,0,1,0,0,3.0,0.16143867924528302,0.0,0,19.64915102280609
3.0382416675737067,2,1.0,1.0,1,0,0,0,0,0.0,0,0,0,1,3.0,0.15099264705882354,0.0,0,19.20183880641378
2.618126026367801,3,1.0,2.0,0,0,0,1,0,1.0,0,0,0,1,4.0,0.31471264367816093,0.25,1,19.239579134227043
1.9833914973009108,4,2.0,1.0,1,0,1,0,0,0.0,1,0,0,1,6.0,0.9573426573426573,0.0,2,19.563628849629303
2.239185440995032,2,1.0,2.0,1,1,1,0,0,0.0,1,0,1,0,3.0,0.35775261324041807,0.0,3,19.72793190043743
2.2788580476946736,3,1.0,2.0,1,0,1,0,1,0.0,0,0,1,0,4.0,0.4563333333333333,0.0,2,19.786772400305757
2.3972309974982697,4,2.0,2.0,1,0,1,0,1,2.0,0,0,1,0,6.0,0.6004385964912281,0.3333333333333333,2,19.785342807499813
2.0532617939030127,3,1.0,2.0,0,0,0,0,0,0.0,0,0,1,0,4.0,0.5888172043010752,0.0,0,19.632621720903668
2.628725521438274,3,1.0,2.0,1,0,0,0,0,0.0,0,0,0,1,4.0,0.31113636363636366,0.0,0,19.107809857216928
2.4051733253032235,3,1.0,2.0,1,0,1,0,0,1.0,0,0,1,0,4.0,0.3968115942028985,0.25,1,19.704942382275654
2.3972309974982697,5,1.0,2.0,0,0,0,0,0,0.0,0,0,0,1,6.0,0.6004385964912281,0.0,0,18.870481672258133
2.836473610339049,3,1.0,1.0,1,0,1,0,0,0.0,0,0,0,1,4.0,0.24913557779799816,0.0,1,19.338250661319787
2.4490258605439768,2,1.0,1.0,1,0,0,0,0,0.0,0,0,0,1,3.0,0.28363259668508284,0.0,0,18.757152987716434
2.6495933035537904,3,1.0,1.0,1,0,1,0,0,0.0,0,1,0,0,4.0,0.3042222222222222,0.0,1,19.632621720903668
2.3972309974982697,2,1.0,2.0,1,0,0,1,0,1.0,0,0,1,0,3.0,0.30021929824561405,0.3333333333333333,1,19.52726120557653
2.5173076036843773,3,1.0,2.0,1,0,0,0,0,0.0,0,0,0,1,4.0,0.35102564102564093,0.0,0,19.673443715304877
2.4051733253032235,1,1.0,1.0,1,0,0,0,0,0.0,0,1,0,0,2.0,0.19840579710144926,0.0,0,19.34493964944395
2.5622486299998974,3,1.0,2.0,0,1,1,0,1,0.0,0,0,1,0,4.0,0.33431013431013434,0.0,3,19.786772400305757
2.9350916727932392,3,1.0,3.0,1,1,0,0,1,0.0,1,0,1,0,4.0,0.2244262295081967,0.0,3,19.894985984684347
2.9194474098942034,4,2.0,4.0,1,0,0,0,0,2.0,0,0,1,0,6.0,0.34225,0.3333333333333333,0,20.23875752312117
3.0468849444679647,3,1.0,2.0,1,0,0,0,1,2.0,1,1,0,0,4.0,0.1995045176333431,0.5,2,19.77238366289063
3.3588981582759474,3,1.0,2.0,1,0,0,0,0,3.0,1,0,0,1,4.0,0.14410526315789474,0.75,1,19.450300164704952
3.1444104252442835,4,1.0,2.0,1,0,0,0,1,0.0,0,1,0,0,5.0,0.22516447368421053,0.0,1,19.814943277201593
2.676488420290799,4,1.0,2.0,1,0,0,0,1,0.0,0,0,1,0,5.0,0.3694408462867012,0.0,1,19.61581460263773
2.9746571057308056,2,1.0,1.0,1,0,1,0,1,1.0,0,1,0,0,3.0,0.16143867924528302,0.3333333333333333,2,19.695596519883413
2.6495933035537904,3,1.0,4.0,1,0,0,0,1,0.0,0,0,0,1,4.0,0.3042222222222222,0.0,1,20.015613972212805
2.7755518224407307,3,2.0,4.0,1,0,0,0,1,2.0,0,0,1,0,5.0,0.33228155339805826,0.4,1,20.192237507563583
2.6700345079074883,4,1.0,2.0,1,0,0,0,0,0.0,0,0,1,0,5.0,0.37201086956521745,0.0,0,19.450300164704952
3.3024701211949905,4,4.0,4.0,1,0,0,0,1,3.0,0,1,0,0,8.0,0.3055803571428571,0.375,1,20.7030631306493
2.091873079664767,3,1.0,1.0,0,0,0,0,0,0.0,0,0,0,1,4.0,0.5633744855967078,0.0,0,19.17586332013101
2.443965441117138,3,1.0,1.0,1,0,0,0,0,1.0,0,0,0,1,4.0,0.3802777777777778,0.25,0,19.50856907262677
3.124059314277561,3,2.0,1.0,1,1,1,0,1,0.0,1,0,1,0,5.0,0.23000672043010753,0.0,4,20.20171625150208
2.7403450735868975,4,1.0,3.0,0,0,0,0,0,0.0,0,0,1,0,5.0,0.34501008064516125,0.0,0,19.409478170333507
2.9194474098942034,3,1.0,2.0,1,0,0,1,0,1.0,1,0,1,0,4.0,0.22816666666666666,0.25,2,20.088991157783063
2.965664576325076,3,1.0,1.0,1,0,0,0,1,2.0,0,0,1,0,4.0,0.21730158730158725,0.5,1,19.786772400305757
3.0438265192569776,5,1.0,2.0,1,1,1,0,1,1.0,0,1,0,0,6.0,0.30021929824561405,0.16666666666666666,3,20.29186734835115
2.116809806840658,2,1.0,1.0,0,0,0,0,1,0.0,0,0,0,1,3.0,0.4107,0.0,1,19.38842476121483
2.5332097218874026,3,1.0,2.0,0,0,0,0,0,0.0,0,0,1,0,4.0,0.34501008064516125,0.0,0,19.68141188493138
1.9833914973009108,3,1.0,2.0,1,0,1,0,0,0.0,1,1,0,0,4.0,0.6382284382284382,0.0,2,19.401109920694253
2.6495933035537904,3,1.0,2.0,1,0,0,0,1,0.0,0,0,0,1,4.0,0.3042222222222222,0.0,1,19.34271495443068
2.6117119790429975,3,1.0,1.0,0,0,0,0,0,1.0,0,0,0,1,4.0,0.31689814814814815,0.25,0,19.36691855607646
2.451546499599918,2,1.0,1.0,1,0,1,0,0,0.0,0,1,0,0,3.0,0.2828512396694215,0.0,1,19.499090328704316
3.0312164533912664,2,1.0,1.0,1,1,1,0,0,2.0,1,1,0,0,3.0,0.1521111111111111,0.6666666666666666,3,20.05679953691514
2.331313804764828,4,2.0,2.0,1,0,0,0,0,0.0,0,1,0,0,6.0,0.6457547169811321,0.0,0,19.55466017967527
2.4540608010061895,2,1.0,1.0,1,0,0,0,0,0.0,0,0,0,1,3.0,0.2820741758241758,0.0,0,19.04982259986689
2.9194474098942034,4,2.0,4.0,1,1,0,0,1,1.0,0,1,0,0,6.0,0.34225,0.16666666666666666,2,20.192237507563583
1.9297095001772284,3,1.0,2.0,1,0,1,0,0,0.0,1,0,1,0,4.0,0.6794044665012408,0.0,2,19.545610344184603
2.7289646102982967,2,1.0,2.0,1,0,1,0,0,0.0,0,0,1,0,3.0,0.2095408163265306,0.0,1,19.68141188493138
2.4837494184867017,3,1.0,1.0,1,0,0,0,0,2.0,0,0,1,0,4.0,0.36409574468085104,0.5,0,19.71266442834827
2.418271947318863,4,2.0,2.0,1,0,0,1,0,2.0,0,1,0,0,6.0,0.5867142857142856,0.3333333333333333,1,20.421079079644564
2.8543016643449026,2,1.0,1.0,1,0,0,0,1,0.0,0,0,1,0,3.0,0.18334821428571427,0.0,1,19.607303912995693
3.120196938624034,3,1.0,1.0,1,1,1,0,1,2.0,1,0,0,1,4.0,0.18475033738191632,0.5,4,20.06548580215426
2.5944039586833987,3,1.0,2.0,1,0,0,0,1,0.0,0,0,1,0,4.0,0.3228773584905661,0.0,1,19.450300164704952
2.418271947318863,4,1.0,2.0,1,0,0,0,0,2.0,0,1,0,0,5.0,0.4889285714285714,0.4,0,19.665411543630654
3.1692803694094676,3,1.0,1.0,1,0,1,0,1,2.0,1,0,0,1,4.0,0.17551282051282047,0.5,3,19.869010498341332
2.6495933035537904,3,2.0,2.0,0,0,1,0,1,0.0,0,0,1,0,5.0,0.38027777777777777,0.0,2,19.58132842667276
2.275861566315569,2,1.0,1.0,0,0,0,0,0,1.0,0,0,0,1,3.0,0.3433946488294315,0.3333333333333333,0,18.8154218954361
3.065859149975904,3,1.0,1.0,1,0,1,0,0,2.0,1,0,1,0,4.0,0.19557142857142856,0.5,2,19.955912220000684
2.7174531397110626,3,1.0,2.0,1,0,0,0,0,1.0,0,0,1,0,4.0,0.2828512396694215,0.25,0,19.62425347125816
2.2907549833149115,2,1.0,1.0,0,0,0,0,0,0.0,0,0,0,1,3.0,0.33774671052631583,0.0,0,19.251849226765085
1.901747682761452,3,1.0,1.0,0,0,0,1,0,0.0,0,0,0,1,4.0,0.702051282051282,0.0,1,19.004013064085463
2.332732345324709,2,1.0,1.0,1,0,0,0,1,0.0,0,0,0,1,3.0,0.32237048665620094,0.0,1,19.173228272505405
2.2788580476946736,4,1.0,3.0,1,0,1,0,1,2.0,0,0,1,0,5.0,0.5704166666666667,0.4,2,19.598720169330615
2.13424856074044,3,1.0,2.0,1,0,1,0,0,0.0,0,1,0,0,4.0,0.5368627450980392,0.0,1,19.71266442834827
2.42862869728074,2,1.0,1.0,0,1,1,0,0,0.0,0,0,1,0,3.0,0.2900423728813559,0.0,2,19.814943277201593
2.2788580476946736,2,1.0,2.0,1,0,0,0,0,0.0,0,0,1,0,3.0,0.34225,0.0,0,19.28306424597916
2.2422936881163307,3,1.0,1.0,0,0,0,0,0,0.0,0,0,0,1,4.0,0.47534722222222225,0.0,0,19.121796099121806
3.1544327459740233,4,2.0,4.0,1,1,0,0,1,1.0,0,0,1,0,6.0,0.2673828125,0.16666666666666666,2,20.173006145668715
2.6185521703043624,4,1.0,2.0,0,0,0,0,0,1.0,0,0,0,1,5.0,0.393210018382353,0.2,0,19.28778123583743
3.394822099013091,3,1.0,1.0,1,0,0,0,0,0.0,0,0,1,0,4.0,0.13884381338742394,0.0,0,19.704942382275654
3.086750101450518,3,2.0,1.0,1,1,1,0,1,2.0,0,0,0,1,5.0,0.2391684136967156,0.4,3,20.358558722750505
2.464055262362586,3,2.0,2.0,1,0,0,0,0,0.0,0,0,1,0,5.0,0.4650135869565217,0.0,0,19.607303912995693
2.418271947318863,2,1.0,1.0,1,0,0,0,0,0.0,0,0,0,1,3.0,0.2933571428571428,0.0,0,19.333766348890414
2.9520223169245705,4,1.0,4.0,1,1,0,0,1,0.0,0,1,0,0,5.0,0.2755636070853462,0.0,2,19.894985984684347
2.628725521438274,2,1.0,1.0,1,0,0,0,0,1.0,0,0,1,0,3.0,0.23335227272727274,0.3333333333333333,0,19.65731433342145
3.4739426392450694,3,1.0,2.0,1,1,1,0,0,0.0,0,0,1,0,4.0,0.12794392523364487,0.0,2,19.814943277201593
2.4540608010061895,2,1.0,1.0,1,0,0,0,0,0.0,0,0,0,1,3.0,0.2820741758241758,0.0,0,19.470102791931104
1.901747682761452,3,2.0,2.0,1,0,1,0,0,0.0,1,0,0,1,5.0,0.8775641025641026,0.0,2,19.43009745746032
2.164891863993497,2,1.0,1.0,0,0,0,0,0,1.0,0,1,0,0,3.0,0.38892045454545454,0.3333333333333333,0,19.239579134227043
2.5588624311550587,2,1.0,1.0,1,0,0,0,0,0.0,0,0,1,0,3.0,0.2516544117647059,0.0,0,19.545610344184603
2.551144329167897,3,1.0,2.0,1,0,1,0,0,1.0,0,0,1,0,4.0,0.3383588729609491,0.25,1,19.62425347125816
2.7097045416897143,3,1.0,1.0,1,1,1,0,0,0.0,0,0,0,1,4.0,0.28520833333333334,0.0,2,19.96671016532434
2.9194474098942034,4,1.0,3.0,1,1,1,0,0,0.0,1,0,0,1,5.0,0.28520833333333334,0.0,3,20.0325157829814
2.331313804764828,3,1.0,2.0,0,0,1,0,0,0.0,0,0,1,0,4.0,0.43050314465408807,0.0,1,19.48952087772087
2.531351956476462,3,1.0,1.0,1,0,1,0,0,0.0,0,0,1,0,4.0,0.3457070707070707,0.0,1,20.06548580215426
2.5054513974586605,3,1.0,2.0,1,0,0,0,0,0.0,0,0,0,1,4.0,0.35558441558441556,0.0,0,19.333766348890414
2.5520554390766055,2,1.0,2.0,1,1,1,0,0,0.0,1,0,0,1,3.0,0.25351851851851853,0.0,3,19.58132842667276
2.618126026367801,2,1.0,1.0,1,0,1,0,0,0.0,0,0,0,1,3.0,0.2360344827586207,0.0,1,19.7796039108455
2.305429837609156,3,1.0,2.0,0,0,0,0,0,0.0,0,0,1,0,4.0,0.443042071197411,0.0,0,19.299477275551762
3.0968361164167537,3,1.0,2.0,1,1,1,0,1,0.0,1,0,1,0,4.0,0.1893237449868621,0.0,4,19.980928414296535
2.6117119790429975,3,1.0,2.0,1,0,1,1,0,2.0,0,0,1,0,4.0,0.31689814814814815,0.5,2,20.36659089443625
2.9194474098942034,4,2.0,4.0,1,0,0,0,1,0.0,0,0,0,1,6.0,0.34225,0.0,1,20.107820165900797
2.8287346319489246,4,2.0,1.0,1,0,1,0,1,0.0,1,0,1,0,6.0,0.3767889908256881,0.0,3,20.015613972212805
2.6495933035537904,3,2.0,3.0,1,0,0,1,0,1.0,0,1,0,0,5.0,0.38027777777777777,0.2,1,19.665411543630654
2.549776105934098,2,1.0,1.0,1,0,0,0,0,0.0,0,0,0,1,3.0,0.25414603960396037,0.0,0,19.38842476121483
2.8373298114273577,3,2.0,4.0,1,1,0,0,1,1.0,0,0,1,0,5.0,0.3111363636363636,0.2,2,20.02127970973702
